loss,accuracy
,
,
,
,
,
0.0002685979203446,30.07397079467773
7.107030710597571e-05,10.325833320617676
4.902323512636174e-05,10.433967590332031
4.96937977196036e-05,10.468256950378418
