loss,accuracy
,
,
,
,
,
0.0002685979203446,30.07397079467773
7.107030710597571e-05,10.325833320617676
4.902323512636174e-05,10.433967590332031
4.96937977196036e-05,10.468256950378418
6.751707482372264e-05,10.065879821777344
6.555840503240593e-05,10.240596771240234
7.447743356399434e-05,11.45168685913086
6.116986792461064e-05,10.33385944366455
7.169398227951636e-05,10.3982515335083
5.9509408617343164e-05,10.249828338623047
