loss,accuracy
,
,
,
,
,
0.000268597920344641,30.073970794677734
